section,section-url
Accessing Arrays from C,Accessing-Arrays-from-C.html#Accessing-Arrays-from-C
Accessing Cell Entries,Accessing-Cell-Entries.html#Accessing-Cell-Entries
Accessing Locale Information,Accessing-Locale-Information.html#Accessing-Locale-Information
Accessing Modules from C,Accessing-Modules-from-C.html#Accessing-Modules-from-C
Accessing Slots,Accessing-Slots.html#Accessing-Slots
Accessors,Accessors.html#Accessors
Adding or Setting Alist Entries,Adding-or-Setting-Alist-Entries.html#Adding-or-Setting-Alist-Entries
Allocating Cells,Allocating-Cells.html#Allocating-Cells
Alphabetic Case Mapping,Alphabetic-Case-Mapping.html#Alphabetic-Case-Mapping
and or,and-or.html#and-or
Append/Reverse,Append_002fReverse.html#Append_002fReverse
Arbiters,Arbiters.html#Arbiters
Arithmetic,Arithmetic.html#Arithmetic
Array Procedures,Array-Procedures.html#Array-Procedures
Autoconf Macros,Autoconf-Macros.html#Autoconf-Macros
Backslash Escapes,Backslash-Escapes.html#Backslash-Escapes
begin,begin.html#begin
Binding Multiple Values,Binding-Multiple-Values.html#Binding-Multiple-Values
Binding Reflection,Binding-Reflection.html#Binding-Reflection
Bit Vectors,Bit-Vectors.html#Bit-Vectors
Bitwise Operations,Bitwise-Operations.html#Bitwise-Operations
Block Reading and Writing,Block-Reading-and-Writing.html#Block-Reading-and-Writing
Blocking,Blocking.html#Blocking
Booleans,Booleans.html#Booleans
Branch Instructions,Branch-Instructions.html#Branch-Instructions
Buffered Input,Buffered-Input.html#Buffered-Input
Build Config,Build-Config.html#Build-Config
Bytecode and Objcode,Bytecode-and-Objcode.html#Bytecode-and-Objcode
Bytevector Endianness,Bytevector-Endianness.html#Bytevector-Endianness
Bytevector Manipulation,Bytevector-Manipulation.html#Bytevector-Manipulation
Bytevectors and Integer Lists,Bytevectors-and-Integer-Lists.html#Bytevectors-and-Integer-Lists
Bytevectors as Floats,Bytevectors-as-Floats.html#Bytevectors-as-Floats
Bytevectors as Integers,Bytevectors-as-Integers.html#Bytevectors-as-Integers
Bytevectors as Strings,Bytevectors-as-Strings.html#Bytevectors-as-Strings
C Hooks,C-Hooks.html#C-Hooks
C Port Interface,C-Port-Interface.html#C-Port-Interface
Case-lambda,Case_002dlambda.html#Case_002dlambda
Catch,Catch.html#Catch
Changing the Class of an Instance,Changing-the-Class-of-an-Instance.html#Changing-the-Class-of-an-Instance
Character Case Mapping,Character-Case-Mapping.html#Character-Case-Mapping
Character Encoding of Source Files,Character-Encoding-of-Source-Files.html#Character-Encoding-of-Source-Files
Character Set Predicates/Comparison,Character-Set-Predicates_002fComparison.html#Character-Set-Predicates_002fComparison
Character-Set Algebra,Character_002dSet-Algebra.html#Character_002dSet-Algebra
Characters,Characters.html#Characters
Class Definition,Class-Definition.html#Class-Definition
Class Definition Protocol,Class-Definition-Protocol.html#Class-Definition-Protocol
Classes,Classes.html#Classes
Closing,Closing.html#Closing
Code Coverage,Code-Coverage.html#Code-Coverage
Comparison,Comparison.html#Comparison
Compilation,Compilation.html#Compilation
Compile Commands,Compile-Commands.html#Compile-Commands
Compiled Procedures,Compiled-Procedures.html#Compiled-Procedures
Compiler Tower,Compiler-Tower.html#Compiler-Tower
Complex,Complex.html#Complex
Complex Numbers,Complex-Numbers.html#Complex-Numbers
Conditionals,Conditionals.html#Conditionals
Continuation Barriers,Continuation-Barriers.html#Continuation-Barriers
Continuations,Continuations.html#Continuations
Conventions,Conventions.html#Conventions
Conversion,Conversion.html#Conversion
Conversion to/from C,Conversion-to_002ffrom-C.html#Conversion-to_002ffrom-C
Cooperative REPL Servers,Cooperative-REPL-Servers.html#Cooperative-REPL-Servers
Copying,Copying.html#Copying
Creating Character Sets,Creating-Character-Sets.html#Creating-Character-Sets
Creating Guile Modules,Creating-Guile-Modules.html#Creating-Guile-Modules
Critical Sections,Critical-Sections.html#Critical-Sections
Curried Definitions,Curried-Definitions.html#Curried-Definitions
Customizing Class Definition,Customizing-Class-Definition.html#Customizing-Class-Definition
Customizing Class Redefinition,Customizing-Class-Redefinition.html#Customizing-Class-Redefinition
Data Constructor Instructions,Data-Constructor-Instructions.html#Data-Constructor-Instructions
Debug Commands,Debug-Commands.html#Debug-Commands
Debug Options,Debug-Options.html#Debug-Options
Default Ports,Default-Ports.html#Default-Ports
Defining Macros,Defining-Macros.html#Defining-Macros
Defmacros,Defmacros.html#Defmacros
Delayed Evaluation,Delayed-Evaluation.html#Delayed-Evaluation
Dynamic Environment Instructions,Dynamic-Environment-Instructions.html#Dynamic-Environment-Instructions
Dynamic FFI,Dynamic-FFI.html#Dynamic-FFI
Dynamic Wind,Dynamic-Wind.html#Dynamic-Wind
Encryption,Encryption.html#Encryption
Environments,Environments.html#Environments
Equality,Equality.html#Equality
Error Reporting,Error-Reporting.html#Error-Reporting
Eval When,Eval-When.html#Eval-When
Exactness,Exactness.html#Exactness
Expect,Expect.html#Expect
Expression Syntax,Expression-Syntax.html#Expression-Syntax
Extending Primitives,Extending-Primitives.html#Extending-Primitives
Feature Manipulation,Feature-Manipulation.html#Feature-Manipulation
File Ports,File-Ports.html#File-Ports
File System,File-System.html#File-System
File Tree Walk,File-Tree-Walk.html#File-Tree-Walk
Fluids and Dynamic States,Fluids-and-Dynamic-States.html#Fluids-and-Dynamic-States
Fly Evaluation,Fly-Evaluation.html#Fly-Evaluation
Foreign Functions,Foreign-Functions.html#Foreign-Functions
Foreign Libraries,Foreign-Libraries.html#Foreign-Libraries
Foreign Structs,Foreign-Structs.html#Foreign-Structs
Foreign Variables,Foreign-Variables.html#Foreign-Variables
Formatted Output,Formatted-Output.html#Formatted-Output
Frames,Frames.html#Frames
Function Prologue Instructions,Function-Prologue-Instructions.html#Function-Prologue-Instructions
Futures,Futures.html#Futures
Garbage Collection Functions,Garbage-Collection-Functions.html#Garbage-Collection-Functions
General Conversion,General-Conversion.html#General-Conversion
Generic Function Internals,Generic-Function-Internals.html#Generic-Function-Internals
Generic Functions,Generic-Functions.html#Generic-Functions
getopt-long Reference,getopt_002dlong-Reference.html#getopt_002dlong-Reference
Gettext Support,Gettext-Support.html#Gettext-Support
GOOPS,GOOPS.html#GOOPS
GOOPS Error Handling,GOOPS-Error-Handling.html#GOOPS-Error-Handling
GOOPS Object Miscellany,GOOPS-Object-Miscellany.html#GOOPS-Object-Miscellany
Guardians,Guardians.html#Guardians
Handling Errors,Handling-Errors.html#Handling-Errors
Handling Invocation Errors,Handling-Invocation-Errors.html#Handling-Invocation-Errors
Hash Table Reference,Hash-Table-Reference.html#Hash-Table-Reference
Heap Cell Type Information,Heap-Cell-Type-Information.html#Heap-Cell-Type-Information
Help Commands,Help-Commands.html#Help-Commands
High-Level Traps,High_002dLevel-Traps.html#High_002dLevel-Traps
Higher-Order Functions,Higher_002dOrder-Functions.html#Higher_002dOrder-Functions
Hook Reference,Hook-Reference.html#Hook-Reference
HTTP,HTTP.html#HTTP
I/O Conditions,I_002fO-Conditions.html#I_002fO-Conditions
i18n Introduction,i18n-Introduction.html#i18n-Introduction
ice-9 optargs,ice_002d9-optargs.html#ice_002d9-optargs
Identifier Macros,Identifier-Macros.html#Identifier-Macros
Immediate objects,Immediate-objects.html#Immediate-objects
Initialization,Initialization.html#Initialization
Inlinable Procedures,Inlinable-Procedures.html#Inlinable-Procedures
Inlined Bytevector Instructions,Inlined-Bytevector-Instructions.html#Inlined-Bytevector-Instructions
Inlined Mathematical Instructions,Inlined-Mathematical-Instructions.html#Inlined-Mathematical-Instructions
Inlined Scheme Instructions,Inlined-Scheme-Instructions.html#Inlined-Scheme-Instructions
Inspect Commands,Inspect-Commands.html#Inspect-Commands
Installing Site Packages,Installing-Site-Packages.html#Installing-Site-Packages
Instance Creation,Instance-Creation.html#Instance-Creation
Instances,Instances.html#Instances
Integer Operations,Integer-Operations.html#Integer-Operations
Integers,Integers.html#Integers
Internal Macros,Internal-Macros.html#Internal-Macros
Iterating Over Character Sets,Iterating-Over-Character-Sets.html#Iterating-Over-Character-Sets
Keyword Procedures,Keyword-Procedures.html#Keyword-Procedures
LALR(1) Parsing,LALR_00281_0029-Parsing.html#LALR_00281_0029-Parsing
Lambda,Lambda.html#Lambda
lambda* and define*,lambda_002a-and-define_002a.html#lambda_002a-and-define_002a
Language Commands,Language-Commands.html#Language-Commands
Lexical Environment Instructions,Lexical-Environment-Instructions.html#Lexical-Environment-Instructions
Line/Delimited,Line_002fDelimited.html#Line_002fDelimited
List Constructors,List-Constructors.html#List-Constructors
List Mapping,List-Mapping.html#List-Mapping
List Modification,List-Modification.html#List-Modification
List Predicates,List-Predicates.html#List-Predicates
List Searching,List-Searching.html#List-Searching
List Selection,List-Selection.html#List-Selection
List/String Conversion,List_002fString-Conversion.html#List_002fString-Conversion
Load Paths,Load-Paths.html#Load-Paths
Loading,Loading.html#Loading
Loading Instructions,Loading-Instructions.html#Loading-Instructions
Local Bindings,Local-Bindings.html#Local-Bindings
Local Evaluation,Local-Evaluation.html#Local-Evaluation
Local Inclusion,Local-Inclusion.html#Local-Inclusion
Locales,Locales.html#Locales
Low-Level Traps,Low_002dLevel-Traps.html#Low_002dLevel-Traps
Mapping Folding and Unfolding,Mapping-Folding-and-Unfolding.html#Mapping-Folding-and-Unfolding
Match Structures,Match-Structures.html#Match-Structures
Memory Blocks,Memory-Blocks.html#Memory-Blocks
Meta-Vtables,Meta_002dVtables.html#Meta_002dVtables
Method Definition Internals,Method-Definition-Internals.html#Method-Definition-Internals
Methods and Generic Functions,Methods-and-Generic-Functions.html#Methods-and-Generic-Functions
Miscellaneous Instructions,Miscellaneous-Instructions.html#Miscellaneous-Instructions
Miscellaneous String Operations,Miscellaneous-String-Operations.html#Miscellaneous-String-Operations
Module Commands,Module-Commands.html#Module-Commands
Module System Reflection,Module-System-Reflection.html#Module-System-Reflection
Multiple Values,Multiple-Values.html#Multiple-Values
Mutexes and Condition Variables,Mutexes-and-Condition-Variables.html#Mutexes-and-Condition-Variables
Network Address Conversion,Network-Address-Conversion.html#Network-Address-Conversion
Network Databases,Network-Databases.html#Network-Databases
Network Socket Address,Network-Socket-Address.html#Network-Socket-Address
Network Sockets and Communication,Network-Sockets-and-Communication.html#Network-Sockets-and-Communication
Non-immediate objects,Non_002dimmediate-objects.html#Non_002dimmediate-objects
Number Input and Output,Number-Input-and-Output.html#Number-Input-and-Output
Numerical Tower,Numerical-Tower.html#Numerical-Tower
Object Properties,Object-Properties.html#Object-Properties
option-ref Reference,option_002dref-Reference.html#option_002dref-Reference
Pairs,Pairs.html#Pairs
Parallel Forms,Parallel-Forms.html#Parallel-Forms
Parameters,Parameters.html#Parameters
Pattern Matching,Pattern-Matching.html#Pattern-Matching
Pipes,Pipes.html#Pipes
Port Implementation,Port-Implementation.html#Port-Implementation
Ports,Ports.html#Ports
Ports and File Descriptors,Ports-and-File-Descriptors.html#Ports-and-File-Descriptors
Pre-Unwind Debugging,Pre_002dUnwind-Debugging.html#Pre_002dUnwind-Debugging
Pretty Printing,Pretty-Printing.html#Pretty-Printing
Primitive Procedures,Primitive-Procedures.html#Primitive-Procedures
Procedure Call and Return Instructions,Procedure-Call-and-Return-Instructions.html#Procedure-Call-and-Return-Instructions
Procedure Properties,Procedure-Properties.html#Procedure-Properties
Procedures with Setters,Procedures-with-Setters.html#Procedures-with-Setters
Processes,Processes.html#Processes
Profile Commands,Profile-Commands.html#Profile-Commands
Prompt Primitives,Prompt-Primitives.html#Prompt-Primitives
Querying Character Sets,Querying-Character-Sets.html#Querying-Character-Sets
Queues,Queues.html#Queues
R6RS Binary Input,R6RS-Binary-Input.html#R6RS-Binary-Input
R6RS Binary Output,R6RS-Binary-Output.html#R6RS-Binary-Output
R6RS Buffer Modes,R6RS-Buffer-Modes.html#R6RS-Buffer-Modes
R6RS End-of-File,R6RS-End_002dof_002dFile.html#R6RS-End_002dof_002dFile
R6RS File Options,R6RS-File-Options.html#R6RS-File-Options
R6RS Input Ports,R6RS-Input-Ports.html#R6RS-Input-Ports
R6RS Libraries,R6RS-Libraries.html#R6RS-Libraries
R6RS Output Ports,R6RS-Output-Ports.html#R6RS-Output-Ports
R6RS Port Manipulation,R6RS-Port-Manipulation.html#R6RS-Port-Manipulation
R6RS Textual Input,R6RS-Textual-Input.html#R6RS-Textual-Input
R6RS Textual Output,R6RS-Textual-Output.html#R6RS-Textual-Output
R6RS Transcoders,R6RS-Transcoders.html#R6RS-Transcoders
Random,Random.html#Random
Random Access,Random-Access.html#Random-Access
Reader Extensions,Reader-Extensions.html#Reader-Extensions
Reading,Reading.html#Reading
Reading and Writing XML,Reading-and-Writing-XML.html#Reading-and-Writing-XML
Readline Functions,Readline-Functions.html#Readline-Functions
Readline Options,Readline-Options.html#Readline-Options
Reals and Rationals,Reals-and-Rationals.html#Reals-and-Rationals
Records,Records.html#Records
Regexp Functions,Regexp-Functions.html#Regexp-Functions
Removing Alist Entries,Removing-Alist-Entries.html#Removing-Alist-Entries
REPL Servers,REPL-Servers.html#REPL-Servers
Representing Strings as Bytes,Representing-Strings-as-Bytes.html#Representing-Strings-as-Bytes
Requests,Requests.html#Requests
Responses,Responses.html#Responses
Retrieving Alist Entries,Retrieving-Alist-Entries.html#Retrieving-Alist-Entries
Reversing and Appending Strings,Reversing-and-Appending-Strings.html#Reversing-and-Appending-Strings
rnrs arithmetic bitwise,rnrs-arithmetic-bitwise.html#rnrs-arithmetic-bitwise
rnrs arithmetic fixnums,rnrs-arithmetic-fixnums.html#rnrs-arithmetic-fixnums
rnrs arithmetic flonums,rnrs-arithmetic-flonums.html#rnrs-arithmetic-flonums
rnrs base,rnrs-base.html#rnrs-base
rnrs conditions,rnrs-conditions.html#rnrs-conditions
rnrs control,rnrs-control.html#rnrs-control
rnrs enums,rnrs-enums.html#rnrs-enums
rnrs eval,rnrs-eval.html#rnrs-eval
rnrs exceptions,rnrs-exceptions.html#rnrs-exceptions
rnrs hashtables,rnrs-hashtables.html#rnrs-hashtables
rnrs io simple,rnrs-io-simple.html#rnrs-io-simple
rnrs lists,rnrs-lists.html#rnrs-lists
rnrs programs,rnrs-programs.html#rnrs-programs
rnrs r5rs,rnrs-r5rs.html#rnrs-r5rs
rnrs records inspection,rnrs-records-inspection.html#rnrs-records-inspection
rnrs records procedural,rnrs-records-procedural.html#rnrs-records-procedural
rnrs records syntactic,rnrs-records-syntactic.html#rnrs-records-syntactic
rnrs sorting,rnrs-sorting.html#rnrs-sorting
rnrs syntax-case,rnrs-syntax_002dcase.html#rnrs-syntax_002dcase
rnrs unicode,rnrs-unicode.html#rnrs-unicode
Runtime Environment,Runtime-Environment.html#Runtime-Environment
Scheme Read,Scheme-Read.html#Scheme-Read
Scheme Write,Scheme-Write.html#Scheme-Write
Scientific,Scientific.html#Scientific
Shared Arrays,Shared-Arrays.html#Shared-Arrays
Shift and Reset,Shift-and-Reset.html#Shift-and-Reset
Signals,Signals.html#Signals
SLIB,SLIB.html#SLIB
Sloppy Alist Functions,Sloppy-Alist-Functions.html#Sloppy-Alist-Functions
Slot Description Example,Slot-Description-Example.html#Slot-Description-Example
Slot Options,Slot-Options.html#Slot-Options
Slots,Slots.html#Slots
Smobs,Smobs.html#Smobs
Snarfing Macros,Snarfing-Macros.html#Snarfing-Macros
Soft Ports,Soft-Ports.html#Soft-Ports
Sorting,Sorting.html#Sorting
Source Properties,Source-Properties.html#Source-Properties
SRFI-0,SRFI_002d0.html#SRFI_002d0
SRFI-1 Association Lists,SRFI_002d1-Association-Lists.html#SRFI_002d1-Association-Lists
SRFI-1 Constructors,SRFI_002d1-Constructors.html#SRFI_002d1-Constructors
SRFI-1 Deleting,SRFI_002d1-Deleting.html#SRFI_002d1-Deleting
SRFI-1 Filtering and Partitioning,SRFI_002d1-Filtering-and-Partitioning.html#SRFI_002d1-Filtering-and-Partitioning
SRFI-1 Fold and Map,SRFI_002d1-Fold-and-Map.html#SRFI_002d1-Fold-and-Map
SRFI-1 Length Append etc,SRFI_002d1-Length-Append-etc.html#SRFI_002d1-Length-Append-etc
SRFI-1 Predicates,SRFI_002d1-Predicates.html#SRFI_002d1-Predicates
SRFI-1 Searching,SRFI_002d1-Searching.html#SRFI_002d1-Searching
SRFI-1 Selectors,SRFI_002d1-Selectors.html#SRFI_002d1-Selectors
SRFI-1 Set Operations,SRFI_002d1-Set-Operations.html#SRFI_002d1-Set-Operations
SRFI-10,SRFI_002d10.html#SRFI_002d10
SRFI-11,SRFI_002d11.html#SRFI_002d11
SRFI-111,SRFI_002d111.html#SRFI_002d111
SRFI-17,SRFI_002d17.html#SRFI_002d17
SRFI-18 Condition variables,SRFI_002d18-Condition-variables.html#SRFI_002d18-Condition-variables
SRFI-18 Exceptions,SRFI_002d18-Exceptions.html#SRFI_002d18-Exceptions
SRFI-18 Mutexes,SRFI_002d18-Mutexes.html#SRFI_002d18-Mutexes
SRFI-18 Threads,SRFI_002d18-Threads.html#SRFI_002d18-Threads
SRFI-18 Time,SRFI_002d18-Time.html#SRFI_002d18-Time
SRFI-19 Date,SRFI_002d19-Date.html#SRFI_002d19-Date
SRFI-19 Date to string,SRFI_002d19-Date-to-string.html#SRFI_002d19-Date-to-string
SRFI-19 String to date,SRFI_002d19-String-to-date.html#SRFI_002d19-String-to-date
SRFI-19 Time,SRFI_002d19-Time.html#SRFI_002d19-Time
SRFI-19 Time/Date conversions,SRFI_002d19-Time_002fDate-conversions.html#SRFI_002d19-Time_002fDate-conversions
SRFI-2,SRFI_002d2.html#SRFI_002d2
SRFI-26,SRFI_002d26.html#SRFI_002d26
SRFI-27 Default Random Source,SRFI_002d27-Default-Random-Source.html#SRFI_002d27-Default-Random-Source
SRFI-27 Random Number Generators,SRFI_002d27-Random-Number-Generators.html#SRFI_002d27-Random-Number-Generators
SRFI-27 Random Sources,SRFI_002d27-Random-Sources.html#SRFI_002d27-Random-Sources
SRFI-31,SRFI_002d31.html#SRFI_002d31
SRFI-35,SRFI_002d35.html#SRFI_002d35
SRFI-37,SRFI_002d37.html#SRFI_002d37
SRFI-38,SRFI_002d38.html#SRFI_002d38
SRFI-39,SRFI_002d39.html#SRFI_002d39
SRFI-4 API,SRFI_002d4-API.html#SRFI_002d4-API
SRFI-4 Extensions,SRFI_002d4-Extensions.html#SRFI_002d4-Extensions
SRFI-41 Stream Library,SRFI_002d41-Stream-Library.html#SRFI_002d41-Stream-Library
SRFI-41 Stream Primitives,SRFI_002d41-Stream-Primitives.html#SRFI_002d41-Stream-Primitives
SRFI-43 Constructors,SRFI_002d43-Constructors.html#SRFI_002d43-Constructors
SRFI-43 Conversion,SRFI_002d43-Conversion.html#SRFI_002d43-Conversion
SRFI-43 Iteration,SRFI_002d43-Iteration.html#SRFI_002d43-Iteration
SRFI-43 Mutators,SRFI_002d43-Mutators.html#SRFI_002d43-Mutators
SRFI-43 Predicates,SRFI_002d43-Predicates.html#SRFI_002d43-Predicates
SRFI-43 Searching,SRFI_002d43-Searching.html#SRFI_002d43-Searching
SRFI-43 Selectors,SRFI_002d43-Selectors.html#SRFI_002d43-Selectors
SRFI-45,SRFI_002d45.html#SRFI_002d45
SRFI-55,SRFI_002d55.html#SRFI_002d55
SRFI-60,SRFI_002d60.html#SRFI_002d60
SRFI-69 Accessing table items,SRFI_002d69-Accessing-table-items.html#SRFI_002d69-Accessing-table-items
SRFI-69 Creating hash tables,SRFI_002d69-Creating-hash-tables.html#SRFI_002d69-Creating-hash-tables
SRFI-69 Hash table algorithms,SRFI_002d69-Hash-table-algorithms.html#SRFI_002d69-Hash-table-algorithms
SRFI-69 Table properties,SRFI_002d69-Table-properties.html#SRFI_002d69-Table-properties
SRFI-88,SRFI_002d88.html#SRFI_002d88
SRFI-9 Records,SRFI_002d9-Records.html#SRFI_002d9-Records
SRFI-98,SRFI_002d98.html#SRFI_002d98
SSAX,SSAX.html#SSAX
Stack Capture,Stack-Capture.html#Stack-Capture
Stacks,Stacks.html#Stacks
Statprof,Statprof.html#Statprof
Streams,Streams.html#Streams
String Comparison,String-Comparison.html#String-Comparison
String Constructors,String-Constructors.html#String-Constructors
String Internals,String-Internals.html#String-Internals
String Modification,String-Modification.html#String-Modification
String Ports,String-Ports.html#String-Ports
String Predicates,String-Predicates.html#String-Predicates
String Searching,String-Searching.html#String-Searching
String Selection,String-Selection.html#String-Selection
Structure Basics,Structure-Basics.html#Structure-Basics
sxml apply-templates,sxml-apply_002dtemplates.html#sxml-apply_002dtemplates
sxml ssax input-parse,sxml-ssax-input_002dparse.html#sxml-ssax-input_002dparse
SXML Tree Fold,SXML-Tree-Fold.html#SXML-Tree-Fold
sxml-match,sxml_002dmatch.html#sxml_002dmatch
SXPath,SXPath.html#SXPath
Symbol Keys,Symbol-Keys.html#Symbol-Keys
Symbol Primitives,Symbol-Primitives.html#Symbol-Primitives
Symbol Props,Symbol-Props.html#Symbol-Props
Symbol Uninterned,Symbol-Uninterned.html#Symbol-Uninterned
Syntax Case,Syntax-Case.html#Syntax-Case
Syntax Parameters,Syntax-Parameters.html#Syntax-Parameters
Syntax Rules,Syntax-Rules.html#Syntax-Rules
Syntax Transformer Helpers,Syntax-Transformer-Helpers.html#Syntax-Transformer-Helpers
System asyncs,System-asyncs.html#System-asyncs
System Commands,System-Commands.html#System-Commands
System Identification,System-Identification.html#System-Identification
Terminals and Ptys,Terminals-and-Ptys.html#Terminals-and-Ptys
texinfo,texinfo.html#texinfo
texinfo docbook,texinfo-docbook.html#texinfo-docbook
texinfo html,texinfo-html.html#texinfo-html
texinfo indexing,texinfo-indexing.html#texinfo-indexing
texinfo plain-text,texinfo-plain_002dtext.html#texinfo-plain_002dtext
texinfo reflection,texinfo-reflection.html#texinfo-reflection
texinfo serialize,texinfo-serialize.html#texinfo-serialize
texinfo string-utils,texinfo-string_002dutils.html#texinfo-string_002dutils
Text Collation,Text-Collation.html#Text-Collation
The SCM Type,The-SCM-Type.html#The-SCM-Type
Threads,Threads.html#Threads
Throw,Throw.html#Throw
Throw Handlers,Throw-Handlers.html#Throw-Handlers
Time,Time.html#Time
Top Level,Top-Level.html#Top-Level
Top-Level Environment Instructions,Top_002dLevel-Environment-Instructions.html#Top_002dLevel-Environment-Instructions
Tracing Traps,Tracing-Traps.html#Tracing-Traps
Trampoline Instructions,Trampoline-Instructions.html#Trampoline-Instructions
Transfer Codings,Transfer-Codings.html#Transfer-Codings
Transforming SXML,Transforming-SXML.html#Transforming-SXML
Trap States,Trap-States.html#Trap-States
URIs,URIs.html#URIs
User asyncs,User-asyncs.html#User-asyncs
User Information,User-Information.html#User-Information
Using Guile Modules,Using-Guile-Modules.html#Using-Guile-Modules
Value History,Value-History.html#Value-History
Variables,Variables.html#Variables
Vector Accessing from C,Vector-Accessing-from-C.html#Vector-Accessing-from-C
Vector Accessors,Vector-Accessors.html#Vector-Accessors
Vector Creation,Vector-Creation.html#Vector-Creation
VHashes,VHashes.html#VHashes
VLists,VLists.html#VLists
VM Hooks,VM-Hooks.html#VM-Hooks
Void Pointers and Byte Access,Void-Pointers-and-Byte-Access.html#Void-Pointers-and-Byte-Access
Void Ports,Void-Ports.html#Void-Ports
Vtable Contents,Vtable-Contents.html#Vtable-Contents
Vtables,Vtables.html#Vtables
Weak hash tables,Weak-hash-tables.html#Weak-hash-tables
Weak vectors,Weak-vectors.html#Weak-vectors
Web Client,Web-Client.html#Web-Client
Web Server,Web-Server.html#Web-Server
while do,while-do.html#while-do
Writing,Writing.html#Writing
